,BGD,SGD,MBGD
count,300.0,300.0,300.0
mean,71.81711186353554,48.9282845303316,60.973762668248966
std,40.139915723855786,4.856439838180459,11.735655068257298
min,60.01175927211789,43.214511603019716,59.25814640405102
25%,60.04395377728261,45.13762711119853,59.47831374815688
50%,60.077159917488785,47.249078485922126,59.70562579386771
75%,60.63065003521935,51.78437191354399,59.92111772488229
max,344.9324764626084,64.62985049632894,228.90749408465499
